scenario,model,MAE_mean,MAE_std,RMSE_mean,RMSE_std,seeds
COMBINED,baseline,87.71433333333334,0.17584747178544236,97.03666666666668,0.1460901548131589,3
COMBINED,ssl_finetuned,36.05233333333333,2.8261550441073355,51.57,2.756840764353286,3
FAULT_1,baseline,20.757666666666665,0.33419355669033113,37.769,0.7082436021595979,3
FAULT_1,ssl_finetuned,20.894666666666666,0.3934924819273343,37.852000000000004,0.17975260776968063,3
FAULT_2,baseline,21.584666666666667,2.283801509180107,30.823666666666668,0.6545810364907724,3
FAULT_2,ssl_finetuned,21.106666666666666,1.1453861066615634,31.044666666666668,0.931395368967086,3
ID_FD002,baseline,16.950333333333333,2.3409870425385395,21.212999999999997,2.229618577245892,3
ID_FD002,ssl_finetuned,16.537666666666667,1.007556615448151,20.652,1.1186773440094324,3
ID_FD004,baseline,14.432,1.0033498891214374,19.532,1.232536814865992,3
ID_FD004,ssl_finetuned,15.682,0.5620845132184297,20.403666666666666,0.0680685928555392,3
OPCOND_1,baseline,79.86033333333333,0.16226316073998984,90.137,0.1239233634146479,3
OPCOND_1,ssl_finetuned,38.931333333333335,4.616039139059952,53.00733333333333,6.270912559853896,3
OPCOND_2,baseline,87.80033333333334,0.1659949798437583,97.10833333333333,0.13345161420281101,3
OPCOND_2,ssl_finetuned,83.087,8.85583711458155,93.00833333333333,7.7155372031591805,3
in_domain_heldout,baseline,9.509666666666666,0.504865394602033,13.443333333333333,0.48795805830692784,3
in_domain_heldout,ssl_finetuned,9.495,0.6934744407690886,13.125,0.7759786079525649,3
none,baseline,12.101999999999999,4.328372652415896,16.123416666666667,4.893765987241196,3
none,ssl_finetuned,12.53425,4.266658414113705,16.45958333333333,4.9761553516076376,3
