scenario,source,seed,model,split,pred_mean,pred_std,pred_min,pred_max,frac_zeros
none,FD001,0,baseline,val,76.60896301269531,40.53969192504883,1.1042202711105347,124.434326171875,0.0
none,FD001,0,ssl_finetuned,val,76.33338928222656,39.798431396484375,4.1368207931518555,124.97244262695312,0.0
in_domain_heldout,FD001,0,baseline,source_heldout,78.14299011230469,39.957820892333984,1.1042202711105347,124.49085998535156,0.0
in_domain_heldout,FD001,0,ssl_finetuned,source_heldout,78.13153839111328,39.29606628417969,4.1274566650390625,124.90145111083984,0.0
FAULT_1,FD001,0,baseline,target,102.98432922363281,35.37522888183594,1.1039339303970337,125.05198669433594,0.0
FAULT_1,FD001,0,ssl_finetuned,target,103.1130142211914,35.14090347290039,4.045315265655518,126.62442779541016,0.0
OPCOND_1,FD001,0,baseline,target,1.2064108848571777,6.353039264678955,0.5245568752288818,78.09967803955078,0.0
OPCOND_1,FD001,0,ssl_finetuned,target,52.543148040771484,47.57231903076172,0.6584950685501099,120.54806518554688,0.0
COMBINED,FD001,0,baseline,target,1.382323980331421,7.18398380279541,0.5248139500617981,114.09359741210938,0.0
COMBINED,FD001,0,ssl_finetuned,target,75.63309478759766,44.021453857421875,0.6504591107368469,121.0020751953125,0.0
none,FD002,0,baseline,val,78.26835632324219,38.606590270996094,1.2949395179748535,123.67794036865234,0.0
none,FD002,0,ssl_finetuned,val,77.25125122070312,36.43370819091797,1.2966829538345337,124.91012573242188,0.0
ID_FD002,FD002,0,baseline,source_heldout,77.76559448242188,39.15647506713867,1.2949395179748535,124.18476104736328,0.0
ID_FD002,FD002,0,ssl_finetuned,source_heldout,76.59424591064453,37.09355926513672,1.2961609363555908,126.04752349853516,0.0
FAULT_2,FD002,0,baseline,target,97.69164276123047,35.73678207397461,1.2949395179748535,126.68824005126953,0.0
FAULT_2,FD002,0,ssl_finetuned,target,96.85313415527344,34.20209884643555,1.2965478897094727,130.92848205566406,0.0
none,FD004,0,baseline,val,87.73213195800781,36.78461837768555,1.338643193244934,126.46778106689453,0.0
none,FD004,0,ssl_finetuned,val,83.40867614746094,35.606712341308594,1.1668345928192139,122.2549057006836,0.0
ID_FD004,FD004,0,baseline,source_heldout,86.39288330078125,37.08132553100586,1.338643193244934,126.8121109008789,0.0
ID_FD004,FD004,0,ssl_finetuned,source_heldout,82.15071105957031,35.61940383911133,1.1709548234939575,122.00782775878906,0.0
