scenario,source,target,seed,model,split,n_windows,MAE,RMSE,degenerate,constant_MAE,worse_than_constant
none,FD004,FD004,0,baseline,val,7513,12.788,17.082,False,,False
ID_FD004,FD004,FD004,0,baseline,source_heldout,7914,13.281,18.13,False,,False
none,FD004,FD004,0,ssl_finetuned,val,7513,15.93,20.284,False,,False
ID_FD004,FD004,FD004,0,ssl_finetuned,source_heldout,7914,16.179,20.457,False,,False
ID_FD004,FD004,FD004,0,constant,source_heldout,7914,36.107,42.133,False,,False
none,FD001,FD001,0,baseline,val,2389,8.053,11.094,False,,False
in_domain_heldout,FD001,FD001,0,baseline,source_heldout,2542,10.191,13.982,False,,False
FAULT_1,FD001,FD003,0,baseline,target,21820,20.583,37.516,False,36.84,False
OPCOND_1,FD001,FD002,0,baseline,target,46219,79.673,89.994,True,36.8,True
COMBINED,FD001,FD004,0,baseline,target,54028,87.593,96.943,True,36.856,True
none,FD001,FD001,0,ssl_finetuned,val,2389,8.119,10.924,False,,False
in_domain_heldout,FD001,FD001,0,ssl_finetuned,source_heldout,2542,10.042,13.569,False,,False
FAULT_1,FD001,FD003,0,ssl_finetuned,target,21820,20.849,37.863,False,36.84,False
OPCOND_1,FD001,FD002,0,ssl_finetuned,target,46219,38.096,50.225,True,36.8,True
COMBINED,FD001,FD004,0,ssl_finetuned,target,54028,38.821,50.424,True,36.856,True
in_domain_heldout,FD001,FD001,0,constant,source_heldout,2542,36.864,42.694,False,,False
FAULT_1,FD001,FD003,0,constant,target,21820,36.84,41.454,False,,False
OPCOND_1,FD001,FD002,0,constant,target,46219,36.8,42.394,False,,False
COMBINED,FD001,FD004,0,constant,target,54028,36.856,41.49,False,,False
none,FD002,FD002,0,baseline,val,6698,13.222,17.58,False,,False
ID_FD002,FD002,FD002,0,baseline,source_heldout,6774,14.659,19.116,False,,False
FAULT_2,FD002,FD004,0,baseline,target,54028,18.978,30.075,False,36.955,False
none,FD002,FD002,0,ssl_finetuned,val,6698,14.429,18.502,False,,False
ID_FD002,FD002,FD002,0,ssl_finetuned,source_heldout,6774,15.788,19.949,False,,False
FAULT_2,FD002,FD004,0,ssl_finetuned,target,54028,19.804,30.098,False,36.955,False
ID_FD002,FD002,FD002,0,constant,source_heldout,6774,36.802,42.426,False,,False
FAULT_2,FD002,FD004,0,constant,target,54028,36.955,41.505,False,,False
none,FD003,FD003,0,baseline,val,2948,9.227,13.031,False,,False
in_domain_heldout,FD003,FD003,0,baseline,source_heldout,3535,9.602,13.533,False,,False
OPCOND_2,FD003,FD004,0,baseline,target,54028,87.623,96.969,True,35.983,True
none,FD003,FD003,0,ssl_finetuned,val,2948,9.87,13.509,False,,False
in_domain_heldout,FD003,FD003,0,ssl_finetuned,source_heldout,3535,10.265,13.809,False,,False
OPCOND_2,FD003,FD004,0,ssl_finetuned,target,54028,88.313,97.566,True,35.983,True
in_domain_heldout,FD003,FD003,0,constant,source_heldout,3535,35.635,41.018,False,,False
OPCOND_2,FD003,FD004,0,constant,target,54028,35.983,41.727,False,,False
none,FD003,FD003,1,baseline,val,3208,8.696,12.751,False,,False
in_domain_heldout,FD003,FD003,1,baseline,source_heldout,3030,8.814,13.369,False,,False
OPCOND_2,FD003,FD004,1,baseline,target,54028,87.826,97.121,True,35.924,True
none,FD003,FD003,1,ssl_finetuned,val,3208,8.918,12.182,False,,False
in_domain_heldout,FD003,FD003,1,ssl_finetuned,source_heldout,3030,8.505,12.055,False,,False
OPCOND_2,FD003,FD004,1,ssl_finetuned,target,54028,72.862,84.1,True,35.924,True
in_domain_heldout,FD003,FD003,1,constant,source_heldout,3030,36.244,42.438,False,,False
OPCOND_2,FD003,FD004,1,constant,target,54028,35.924,41.778,False,,False
none,FD003,FD003,2,baseline,val,3175,7.742,10.899,False,,False
in_domain_heldout,FD003,FD003,2,baseline,source_heldout,3021,9.817,13.73,False,,False
OPCOND_2,FD003,FD004,2,baseline,target,54028,87.952,97.235,True,35.914,True
none,FD003,FD003,2,ssl_finetuned,val,3175,7.447,10.785,False,,False
in_domain_heldout,FD003,FD003,2,ssl_finetuned,source_heldout,3021,9.291,13.523,False,,False
OPCOND_2,FD003,FD004,2,ssl_finetuned,target,54028,88.086,97.359,True,35.914,True
in_domain_heldout,FD003,FD003,2,constant,source_heldout,3021,36.254,42.481,False,,False
OPCOND_2,FD003,FD004,2,constant,target,54028,35.914,41.786,False,,False
none,FD001,FD001,1,baseline,val,2858,8.679,12.24,False,,False
in_domain_heldout,FD001,FD001,1,baseline,source_heldout,2586,9.044,12.548,False,,False
FAULT_1,FD001,FD003,1,baseline,target,21820,21.143,38.569,False,37.102,False
OPCOND_1,FD001,FD002,1,baseline,target,46219,79.957,90.213,True,36.819,True
COMBINED,FD001,FD004,1,baseline,target,54028,87.916,97.205,True,37.112,True
none,FD001,FD001,1,ssl_finetuned,val,2858,8.927,12.369,False,,False
in_domain_heldout,FD001,FD001,1,ssl_finetuned,source_heldout,2586,8.942,12.212,False,,False
FAULT_1,FD001,FD003,1,ssl_finetuned,target,21820,21.309,38.026,False,37.102,False
OPCOND_1,FD001,FD002,1,ssl_finetuned,target,46219,34.79,48.609,True,36.819,False
COMBINED,FD001,FD004,1,ssl_finetuned,target,54028,33.172,49.571,True,37.112,False
in_domain_heldout,FD001,FD001,1,constant,source_heldout,2586,36.784,42.315,False,,False
FAULT_1,FD001,FD003,1,constant,target,21820,37.102,41.511,False,,False
OPCOND_1,FD001,FD002,1,constant,target,46219,36.819,42.192,False,,False
COMBINED,FD001,FD004,1,constant,target,54028,37.112,41.541,False,,False
none,FD001,FD001,2,baseline,val,2581,8.506,11.866,False,,False
in_domain_heldout,FD001,FD001,2,baseline,source_heldout,2771,9.59,13.498,False,,False
FAULT_1,FD001,FD003,2,baseline,target,21820,20.547,37.222,False,37.052,False
OPCOND_1,FD001,FD002,2,baseline,target,46219,79.951,90.204,True,36.813,True
COMBINED,FD001,FD004,2,baseline,target,54028,87.634,96.962,True,37.064,True
none,FD001,FD001,2,ssl_finetuned,val,2581,8.726,11.938,False,,False
in_domain_heldout,FD001,FD001,2,ssl_finetuned,source_heldout,2771,9.925,13.582,False,,False
FAULT_1,FD001,FD003,2,ssl_finetuned,target,21820,20.526,37.667,False,37.052,False
OPCOND_1,FD001,FD002,2,ssl_finetuned,target,46219,43.908,60.188,True,36.813,True
COMBINED,FD001,FD004,2,ssl_finetuned,target,54028,36.164,54.715,True,37.064,False
in_domain_heldout,FD001,FD001,2,constant,source_heldout,2771,36.84,42.062,False,,False
FAULT_1,FD001,FD003,2,constant,target,21820,37.052,41.497,False,,False
OPCOND_1,FD001,FD002,2,constant,target,46219,36.813,42.226,False,,False
COMBINED,FD001,FD004,2,constant,target,54028,37.064,41.528,False,,False
none,FD002,FD002,1,baseline,val,6558,19.756,24.561,False,,False
ID_FD002,FD002,FD002,1,baseline,source_heldout,7192,16.854,20.968,False,,False
FAULT_2,FD002,FD004,1,baseline,target,54028,22.542,31.288,False,37.007,False
none,FD002,FD002,1,ssl_finetuned,val,6558,19.125,23.926,False,,False
ID_FD002,FD002,FD002,1,ssl_finetuned,source_heldout,7192,16.142,20.065,False,,False
FAULT_2,FD002,FD004,1,ssl_finetuned,target,54028,21.956,31.076,False,37.007,False
ID_FD002,FD002,FD002,1,constant,source_heldout,7192,36.814,42.094,False,,False
FAULT_2,FD002,FD004,1,constant,target,54028,37.007,41.515,False,,False
none,FD002,FD002,2,baseline,val,6940,19.114,23.682,False,,False
ID_FD002,FD002,FD002,2,baseline,source_heldout,6932,19.338,23.555,False,,False
FAULT_2,FD002,FD004,2,baseline,target,54028,23.234,31.108,False,37.031,False
none,FD002,FD002,2,ssl_finetuned,val,6940,17.587,22.518,False,,False
ID_FD002,FD002,FD002,2,ssl_finetuned,source_heldout,6932,17.683,21.942,False,,False
FAULT_2,FD002,FD004,2,ssl_finetuned,target,54028,21.56,31.96,False,37.031,False
ID_FD002,FD002,FD002,2,constant,source_heldout,6932,36.786,42.233,False,,False
FAULT_2,FD002,FD004,2,constant,target,54028,37.031,41.521,False,,False
none,FD004,FD004,1,baseline,val,8138,15.94,20.856,False,,False
ID_FD004,FD004,FD004,1,baseline,source_heldout,8499,15.122,20.021,False,,False
none,FD004,FD004,1,ssl_finetuned,val,8138,16.984,21.835,False,,False
ID_FD004,FD004,FD004,1,ssl_finetuned,source_heldout,8499,15.795,20.427,False,,False
ID_FD004,FD004,FD004,1,constant,source_heldout,8499,35.934,41.415,False,,False
none,FD004,FD004,2,baseline,val,8477,13.501,17.839,False,,False
ID_FD004,FD004,FD004,2,baseline,source_heldout,8487,14.893,20.445,False,,False
none,FD004,FD004,2,ssl_finetuned,val,8477,14.349,18.743,False,,False
ID_FD004,FD004,FD004,2,ssl_finetuned,source_heldout,8487,15.072,20.327,False,,False
ID_FD004,FD004,FD004,2,constant,source_heldout,8487,36.021,41.432,False,,False
